Time,PPG_Signal,Heart_Rate,Stress_Label
0.0,-0.0443823939065966,72.0,0
0.1001001001001001,0.4451682576825195,87.0,1
0.2002002002002002,0.5250197703893941,72.0,0
0.3003003003003003,0.10193638123033147,96.0,1
0.4004004004004004,0.139648828553241,72.0,0
0.5005005005005005,-0.24501840535895736,72.0,0
0.6006006006006006,-0.43799771111048147,72.0,0
0.7007007007007008,-0.35266715427670264,72.0,0
0.8008008008008008,-0.17874718437339399,72.0,0
0.9009009009009009,0.17297892684705984,72.0,0
1.001001001001001,0.49456580825231294,72.0,0
1.1011011011011012,0.41027530873175955,72.0,0
1.2012012012012012,0.2008583427183585,72.0,0
1.3013013013013013,-0.410716326619311,84.0,1
1.4014014014014016,-0.4690347510371619,72.0,0
1.5015015015015016,-0.5108986162976893,72.0,0
1.6016016016016017,-0.2066061618832934,72.0,0
1.7017017017017018,0.16749265404922978,72.0,0
1.8018018018018018,0.4181466797365421,72.0,0
1.9019019019019021,0.4389385429908742,72.0,0
2.002002002002002,0.22718770418217998,72.0,0
2.1021021021021022,0.060622807110629714,87.0,1
2.2022022022022023,-0.3210466110759297,72.0,0
2.3023023023023024,-0.4764400478856167,72.0,0
2.4024024024024024,-0.3893232599026715,72.0,0
2.5025025025025025,-0.04981940865627055,72.0,0
2.6026026026026026,-0.37150239279411557,89.0,1
2.702702702702703,0.30133766480071045,97.0,1
2.802802802802803,0.3115236212683945,72.0,0
2.902902902902903,-0.005375647425852219,72.0,0
3.0030030030030033,-0.30093472097654783,72.0,0
3.1031031031031033,0.4709892134609404,80.0,1
3.2032032032032034,-0.41659609219698085,72.0,0
3.3033033033033035,-0.16281308569657665,72.0,0
3.4034034034034035,-0.44438799402790585,82.0,1
3.5035035035035036,0.3407982842246444,93.0,1
3.6036036036036037,0.4442934264652501,72.0,0
3.7037037037037037,0.310307091755881,99.0,1
3.8038038038038042,-0.12337514331841387,72.0,0
3.9039039039039043,-0.4080958647671125,72.0,0
4.004004004004004,0.32499765323125,95.0,1
4.104104104104104,-0.219666817595189,72.0,0
4.2042042042042045,0.1722501292530876,72.0,0
4.3043043043043046,0.44227214463477843,72.0,0
4.404404404404405,0.4922937988663478,72.0,0
4.504504504504505,0.419907709084126,95.0,1
4.604604604604605,-0.041312649196586886,72.0,0
4.704704704704705,-0.48867657338234977,72.0,0
4.804804804804805,-0.4815722092511456,72.0,0
4.904904904904905,0.5046844608162823,88.0,1
5.005005005005005,-0.003441695472365957,72.0,0
5.105105105105105,0.00420110370439691,94.0,1
5.205205205205205,0.4247690871408436,96.0,1
5.305305305305305,0.34978779418961786,72.0,0
5.405405405405406,0.09810533060196913,72.0,0
5.505505505505506,-0.33665443709200527,72.0,0
5.605605605605606,-0.3761537730181438,72.0,0
5.705705705705706,-0.5156764838580372,72.0,0
5.805805805805806,-0.012963452311441914,72.0,0
5.9059059059059065,0.23782642680435062,72.0,0
6.0060060060060065,0.5151130636090332,72.0,0
6.106106106106107,0.4853538670126367,72.0,0
6.206206206206207,0.4074942335021513,81.0,1
6.306306306306307,-0.13991512181541438,72.0,0
6.406406406406407,-0.5371931141287901,72.0,0
6.506506506506507,-0.5107034962259143,72.0,0
6.606606606606607,-0.3179736937137724,99.0,1
6.706706706706707,0.12665227909133672,72.0,0
6.806806806806807,0.4629675249529009,72.0,0
6.906906906906907,0.47786251452826933,72.0,0
7.007007007007007,0.2130425935867766,72.0,0
7.107107107107107,-0.18991812870298086,72.0,0
7.207207207207207,0.5469553345756799,85.0,1
7.307307307307307,-0.41075883762455306,72.0,0
7.407407407407407,-0.42072858676013103,72.0,0
7.507507507507508,0.006254151751322778,72.0,0
7.6076076076076085,0.33990450894899377,72.0,0
7.7077077077077085,0.48220817912656083,72.0,0
7.807807807807809,0.41378324249964427,72.0,0
7.907907907907909,0.07745781744043977,72.0,0
8.008008008008009,-0.31300418407778324,72.0,0
8.108108108108109,-0.4523970722598653,72.0,0
8.208208208208209,-0.41554172218740265,72.0,0
8.308308308308309,-0.04879149030560372,72.0,0
8.408408408408409,0.11711938523800076,82.0,1
8.508508508508509,0.5303720520010068,72.0,0
8.608608608608609,0.3573632704789177,72.0,0
8.70870870870871,0.09677650506088412,72.0,0
8.80880880880881,-0.23983532807655697,72.0,0
8.90890890890891,-0.19391700177101595,94.0,1
9.00900900900901,-0.45458022784875074,72.0,0
9.10910910910911,-0.40938436168456205,90.0,1
9.20920920920921,0.2040284605139288,72.0,0
9.30930930930931,0.3961588214877385,72.0,0
9.40940940940941,0.47453917556675757,72.0,0
9.50950950950951,0.20881428714177674,72.0,0
9.60960960960961,-0.07044479036278833,72.0,0
9.70970970970971,-0.2591570277635615,80.0,1
9.80980980980981,0.25771898097035456,82.0,1
9.90990990990991,-0.3164380382916981,72.0,0
10.01001001001001,0.049013131075385005,72.0,0
10.11011011011011,0.34279919475572596,72.0,0
10.21021021021021,0.4824739027397155,72.0,0
10.31031031031031,-0.050042703723215363,93.0,1
10.41041041041041,-0.44453201626429545,91.0,1
10.51051051051051,-0.31672745879356745,72.0,0
10.61061061061061,0.5635519388875722,92.0,1
10.710710710710712,0.5067131486439779,91.0,1
10.810810810810812,-0.014521059332672809,72.0,0
10.910910910910912,0.2905966745499754,72.0,0
11.011011011011012,0.5506508107166591,72.0,0
11.111111111111112,0.43331736285349504,72.0,0
11.211211211211213,0.09750431476792547,72.0,0
11.311311311311313,-0.30802168674363894,95.0,1
11.411411411411413,-0.14908184810066677,89.0,1
11.511511511511513,-0.4342593498223472,72.0,0
11.611611611611613,-0.255441232877441,72.0,0
11.711711711711713,0.21265541489058207,72.0,0
11.811811811811813,0.4594298171058719,72.0,0
11.911911911911913,0.5470535866043711,87.0,1
12.012012012012013,0.2599445466835312,92.0,1
12.112112112112113,-0.16630330189955617,89.0,1
12.212212212212213,-0.18466378877645112,93.0,1
12.312312312312313,-0.5259511311116764,72.0,0
12.412412412412413,0.19531811952144484,89.0,1
12.512512512512513,0.04527205173301141,72.0,0
12.612612612612613,-0.39223434303131655,94.0,1
12.712712712712714,0.48008831348850384,72.0,0
12.812812812812814,0.4396309164112326,72.0,0
12.912912912912914,-0.008429932530588241,93.0,1
13.013013013013014,-0.3310312355396161,72.0,0
13.113113113113114,-0.5346268748513575,72.0,0
13.213213213213214,-0.4067131032735042,72.0,0
13.313313313313314,0.41797570995550903,82.0,1
13.413413413413414,0.2770869493429232,72.0,0
13.513513513513514,0.5005166791912122,90.0,1
13.613613613613614,0.3904126350027366,72.0,0
13.713713713713714,0.11869176531089598,72.0,0
13.813813813813814,-0.2603781667064691,72.0,0
13.913913913913914,-0.44375855144711923,72.0,0
14.014014014014014,0.1891400254180643,83.0,1
14.114114114114114,-0.15465410777057428,72.0,0
14.214214214214214,0.136255307920555,72.0,0
14.314314314314315,0.1280265962185089,80.0,1
14.414414414414415,0.48785263769349724,72.0,0
14.514514514514515,0.2004101418984477,72.0,0
14.614614614614615,-0.11004838524639145,72.0,0
14.714714714714715,0.11603746274473038,98.0,1
14.814814814814815,-0.4384169411940141,72.0,0
14.914914914914915,-0.27674197863306343,72.0,0
15.015015015015017,0.06298532683007646,72.0,0
15.115115115115117,0.40500742375677184,72.0,0
15.215215215215217,0.6030287977110325,72.0,0
15.315315315315317,0.4114481900214791,72.0,0
15.415415415415417,0.34660646086346025,87.0,1
15.515515515515517,-0.31720482185083887,72.0,0
15.615615615615617,-0.3585348942593708,72.0,0
15.715715715715717,0.24513619707523376,89.0,1
15.815815815815817,0.02863081933240301,72.0,0
15.915915915915917,0.2715759357873004,72.0,0
16.016016016016017,0.5704474179331563,72.0,0
16.116116116116117,0.37783504686678815,86.0,1
16.216216216216218,0.34686608588226375,83.0,1
16.316316316316318,-0.26843654447234144,72.0,0
16.416416416416418,-0.4649586255260935,72.0,0
16.516516516516518,-0.417254920548257,72.0,0
16.616616616616618,-0.21595928026973685,72.0,0
16.716716716716718,0.21712929844043055,72.0,0
16.816816816816818,-0.29657307394902443,81.0,1
16.916916916916918,0.4622660874377823,72.0,0
17.017017017017018,0.1371848105921366,72.0,0
17.117117117117118,-0.08495355225317147,72.0,0
17.217217217217218,-0.5324869762632218,72.0,0
17.31731731731732,0.012982435703750184,92.0,1
17.41741741741742,0.23114039363343694,91.0,1
17.51751751751752,0.08851769827261886,72.0,0
17.61761761761762,-0.3423437157774113,81.0,1
17.71771771771772,0.43993980050319204,72.0,0
17.81781781781782,0.28344946436831797,72.0,0
17.91791791791792,0.038180374908163714,72.0,0
18.01801801801802,0.28956203021521154,88.0,1
18.11811811811812,-0.44870508850891927,72.0,0
18.21821821821822,-0.43115498651727086,72.0,0
18.31831831831832,0.21697306831640084,82.0,1
18.41841841841842,0.2606943066357984,72.0,0
18.51851851851852,0.42404071774571395,72.0,0
18.61861861861862,0.28847275511959036,72.0,0
18.71871871871872,0.07646217671403607,72.0,0
18.81881881881882,0.41278786877829404,87.0,1
18.91891891891892,-0.4301447026957142,72.0,0
19.01901901901902,-0.5159579090492767,72.0,0
19.11911911911912,-0.18487546239922248,72.0,0
19.21921921921922,0.29408384303134383,72.0,0
19.31931931931932,0.45991686999124975,72.0,0
19.41941941941942,-0.5711154816370159,98.0,1
19.51951951951952,0.35659209018183424,72.0,0
19.61961961961962,-0.0881889453361824,72.0,0
19.71971971971972,-0.4783276960295455,72.0,0
19.81981981981982,-0.5395643665871181,72.0,0
19.91991991991992,-0.33091018604489314,72.0,0
20.02002002002002,0.10783477143469253,72.0,0
20.12012012012012,0.3866532046733724,72.0,0
20.22022022022022,0.5024074884568133,72.0,0
20.32032032032032,0.2891852702935217,72.0,0
20.42042042042042,-0.0701855812637931,72.0,0
20.52052052052052,-0.4022945266478387,96.0,1
20.62062062062062,-0.5819167169423081,72.0,0
20.72072072072072,-0.39515711581850277,72.0,0
20.82082082082082,-0.018637942016274063,72.0,0
20.92092092092092,0.29816007628893887,72.0,0
21.02102102102102,0.4528518807089251,72.0,0
21.12112112112112,0.3606147043918916,72.0,0
21.22122122122122,0.09695043339441997,72.0,0
21.32132132132132,-0.18869339279043246,72.0,0
21.421421421421424,-0.41016140081771857,72.0,0
21.521521521521525,-0.4538714352695943,72.0,0
21.621621621621625,-0.29088896119721136,83.0,1
21.721721721721725,0.21456010257807928,72.0,0
21.821821821821825,0.14368341645828203,81.0,1
21.921921921921925,0.47851660791133066,72.0,0
22.022022022022025,0.06588360891143684,94.0,1
22.122122122122125,-0.18625342077896576,72.0,0
22.222222222222225,-0.48908998538852017,72.0,0
22.322322322322325,-0.5345370544252377,72.0,0
22.422422422422425,-0.18779773536290145,72.0,0
22.522522522522525,0.036684995828078444,72.0,0
22.622622622622625,0.5055302861558622,72.0,0
22.722722722722725,0.5042366170702619,72.0,0
22.822822822822825,0.2718085639840112,72.0,0
22.922922922922925,0.00905262533361929,72.0,0
23.023023023023026,-0.33076897025371726,72.0,0
23.123123123123126,0.20641654923250327,91.0,1
23.223223223223226,-0.381407779827517,72.0,0
23.323323323323326,-0.038140880514673646,72.0,0
23.423423423423426,0.3384107325441731,72.0,0
23.523523523523526,-0.4123732601407028,99.0,1
23.623623623623626,0.3571201210673105,72.0,0
23.723723723723726,0.12742692481424106,72.0,0
23.823823823823826,-0.21307312410878426,72.0,0
23.923923923923926,-0.43071187193445015,72.0,0
24.024024024024026,-0.3887508572025092,94.0,1
24.124124124124126,-0.55182340931259,99.0,1
24.224224224224226,0.2029144005579653,72.0,0
24.324324324324326,0.4495482838449723,72.0,0
24.424424424424426,0.46341027323131345,72.0,0
24.524524524524526,0.23099155677565036,72.0,0
24.624624624624627,0.11718764443760563,95.0,1
24.724724724724727,0.5066179806055133,93.0,1
24.824824824824827,-0.5673042520498467,72.0,0
24.924924924924927,-0.32679445271341834,96.0,1
25.025025025025027,-0.14178505672641292,91.0,1
25.125125125125127,0.2966103784081737,94.0,1
25.225225225225227,0.572779414629481,72.0,0
25.325325325325327,0.3691250117626122,72.0,0
25.425425425425427,0.005437921522131781,72.0,0
25.525525525525527,-0.3061709530209198,72.0,0
25.625625625625627,-0.0038144317087511607,96.0,1
25.725725725725727,0.0917932082252726,98.0,1
25.825825825825827,0.6217170758220423,82.0,1
25.925925925925927,0.2682378586735889,72.0,0
26.026026026026027,-0.24598498590930254,85.0,1
26.126126126126128,0.5379019380235699,72.0,0
26.226226226226228,0.03434212486043233,72.0,0
26.326326326326328,-0.2574047856490151,72.0,0
26.426426426426428,-0.4551955110371268,72.0,0
26.526526526526528,-0.6629380192209556,83.0,1
26.626626626626628,-0.2541637037864038,72.0,0
26.726726726726728,-0.27328557439095924,94.0,1
26.826826826826828,0.48975565548593225,72.0,0
26.926926926926928,0.4967174123465784,72.0,0
27.027027027027028,0.16168468112438578,72.0,0
27.127127127127128,-0.12095076036524843,72.0,0
27.227227227227228,0.4385885950658236,89.0,1
27.32732732732733,0.45204540438560514,82.0,1
27.42742742742743,-0.22342339389452517,72.0,0
27.52752752752753,0.07273936599348037,72.0,0
27.62762762762763,-0.4195145579765302,82.0,1
27.72772772772773,0.4843418057148694,72.0,0
27.82782782782783,0.249377442575243,72.0,0
27.92792792792793,-0.09449880054817356,72.0,0
28.02802802802803,-0.42364388387143836,72.0,0
28.12812812812813,-0.5729088995870572,72.0,0
28.22822822822823,-0.34287511991008635,72.0,0
28.32832832832833,0.6678206282854275,98.0,1
28.42842842842843,-0.499124403857083,88.0,1
28.52852852852853,0.5294634232336269,72.0,0
28.62862862862863,0.47650281854208687,72.0,0
28.72872872872873,0.08965162386700148,72.0,0
28.82882882882883,-0.3539320445864831,72.0,0
28.92892892892893,-0.5110578427664576,72.0,0
29.02902902902903,-0.3932725226664171,72.0,0
29.12912912912913,-0.15984174915015192,72.0,0
29.22922922922923,-0.4219329902689534,90.0,1
29.32932932932933,0.42647137333789675,80.0,1
29.42942942942943,0.4615961806420665,72.0,0
29.52952952952953,0.49000427265861213,80.0,1
29.62962962962963,-0.10537764267263909,72.0,0
29.72972972972973,-0.46275418875107033,72.0,0
29.82982982982983,-0.4968737518788677,72.0,0
29.929929929929934,0.303575775915101,97.0,1
30.030030030030034,0.12108046396345391,72.0,0
30.130130130130134,0.3810300455882272,72.0,0
30.230230230230234,0.5170332411024996,72.0,0
30.330330330330334,0.28197055685591965,72.0,0
30.430430430430434,-0.09843852612437046,80.0,1
30.530530530530534,-0.2851309945342041,72.0,0
30.630630630630634,-0.5608420289062219,72.0,0
30.730730730730734,-0.3251167623774202,72.0,0
30.830830830830834,-0.035812276957136326,72.0,0
30.930930930930934,-0.224062196206401,93.0,1
31.031031031031034,-0.24257971654637223,83.0,1
31.131131131131134,0.35646823729415605,72.0,0
31.231231231231234,0.007072591228913613,72.0,0
31.331331331331334,-0.1915683770887151,72.0,0
31.431431431431434,-0.4141069353793407,72.0,0
31.531531531531535,-0.37329913319435465,72.0,0
31.631631631631635,-0.1611358828149305,72.0,0
31.731731731731735,0.2667012646000998,72.0,0
31.831831831831835,0.47815219148528104,72.0,0
31.931931931931935,0.467350534808649,72.0,0
32.032032032032035,0.13401742795277571,72.0,0
32.132132132132135,-0.1659378499726234,72.0,0
32.232232232232235,-0.44825361224765853,72.0,0
32.332332332332335,0.43686661257674275,93.0,1
32.432432432432435,0.5382102913483254,82.0,1
32.532532532532535,0.12255787912947518,72.0,0
32.632632632632635,0.36824139178853565,94.0,1
32.732732732732735,0.5261843752366663,72.0,0
32.832832832832835,0.0012016346415036072,95.0,1
32.932932932932935,-0.10158394165693414,72.0,0
33.033033033033036,-0.3922435282747862,72.0,0
33.133133133133136,-0.5926783043114795,72.0,0
33.233233233233236,-0.3117301213423561,72.0,0
33.333333333333336,-0.33715258841989587,82.0,1
33.433433433433436,0.3362120084019212,72.0,0
33.533533533533536,0.5082269294462208,97.0,1
33.633633633633636,0.4058277644564768,72.0,0
33.733733733733736,-0.02462859116873934,72.0,0
33.833833833833836,0.28731148173783794,82.0,1
33.933933933933936,-0.49353399222085204,72.0,0
34.034034034034036,-0.416147414636206,72.0,0
34.134134134134136,0.29533485608764654,99.0,1
34.234234234234236,0.22136122891180776,72.0,0
34.334334334334336,0.48988409616352313,72.0,0
34.434434434434436,0.5255261739510737,84.0,1
34.53453453453454,0.09729341223473878,87.0,1
34.63463463463464,-0.1150937314923047,72.0,0
34.73473473473474,-0.5560473800281578,72.0,0
34.83483483483484,-0.5135014402571152,72.0,0
34.93493493493494,-0.31113626356797786,72.0,0
35.03503503503504,-0.4691417449041327,80.0,1
35.13513513513514,0.2486257847067799,81.0,1
35.23523523523524,0.4762418954058767,72.0,0
35.33533533533534,0.23895758611440143,72.0,0
35.43543543543544,-0.003737866308122395,72.0,0
35.53553553553554,0.03993941677919087,97.0,1
35.63563563563564,-0.4507981511774743,72.0,0
35.73573573573574,-0.30573728707017256,72.0,0
35.83583583583584,-0.02818456704529613,72.0,0
35.93593593593594,0.511302511801084,99.0,1
36.03603603603604,0.486565735370587,72.0,0
36.13613613613614,-0.3354669956177779,94.0,1
36.23623623623624,-0.03450371296806654,72.0,0
36.33633633633634,-0.26253955077591906,72.0,0
36.43643643643644,0.24216831363755797,94.0,1
36.53653653653654,-0.3476025706151247,80.0,1
36.63663663663664,-0.06499692558817781,72.0,0
36.73673673673674,0.14509639863937618,84.0,1
36.83683683683684,0.46766677610470386,72.0,0
36.93693693693694,0.44027717718231785,72.0,0
37.03703703703704,0.16223413794974065,72.0,0
37.13713713713714,-0.11527305676172399,72.0,0
37.23723723723724,-0.41195203387597545,72.0,0
37.33733733733734,0.45368209723321856,92.0,1
37.43743743743744,-0.3187125635696341,80.0,1
37.53753753753754,-0.4618774920741484,81.0,1
37.63763763763764,0.4499391424549852,72.0,0
37.73773773773774,0.45816279442688873,72.0,0
37.83783783783784,0.24853474624947713,72.0,0
37.93793793793794,-0.08688036424180015,72.0,0
38.03803803803804,-0.43690546053516194,72.0,0
38.13813813813814,-0.5412405085282762,72.0,0
38.23823823823824,-0.2359810026555188,72.0,0
38.33833833833834,0.08089051534523514,72.0,0
38.43843843843844,0.3065874583656867,89.0,1
38.53853853853854,0.5391793060157672,72.0,0
38.63863863863864,0.42166172850253814,72.0,0
38.73873873873874,0.021483254203430748,72.0,0
38.83883883883884,-0.5535730909843399,80.0,1
38.93893893893894,0.3821700003879297,96.0,1
39.03903903903904,-0.43030846685553786,72.0,0
39.13913913913914,-0.1382763080630421,72.0,0
39.23923923923924,-0.032923940864319705,81.0,1
39.33933933933934,0.35023378211988015,89.0,1
39.43943943943944,0.5127028019690911,72.0,0
39.53953953953954,0.15520194326526876,72.0,0
39.63963963963964,-0.22823369365407362,72.0,0
39.73973973973974,-0.47990615269063575,72.0,0
39.83983983983984,-0.5223386541169107,72.0,0
39.93993993993994,-0.20184731102678327,72.0,0
40.04004004004004,0.11215276496079005,72.0,0
40.14014014014014,-0.07001557532083935,80.0,1
40.24024024024024,-0.031986330222278814,91.0,1
40.34034034034034,0.2676759852287671,72.0,0
40.44044044044044,-0.07732575983926504,72.0,0
40.54054054054054,-0.39129423921424755,72.0,0
40.64064064064064,-0.4279121967165179,72.0,0
40.74074074074074,-0.30625496853330386,72.0,0
40.84084084084084,0.33829918459840325,96.0,1
40.94094094094094,0.3574618388290441,72.0,0
41.04104104104104,0.5053089899453516,72.0,0
41.14114114114114,0.3859676944891881,91.0,1
41.24124124124124,0.12285882414901414,72.0,0
41.34134134134134,-0.35591679344865695,97.0,1
41.44144144144144,-0.4921262937763365,72.0,0
41.54154154154154,-0.46763511952354303,72.0,0
41.64164164164164,-0.030649026778688512,72.0,0
41.74174174174174,0.268321343655212,72.0,0
41.84184184184184,0.5045793753935247,72.0,0
41.94194194194194,0.5041592096029723,72.0,0
42.04204204204204,0.16094157972588904,72.0,0
42.14214214214214,-0.24881955111599896,88.0,1
42.24224224224224,0.4539697058075518,97.0,1
42.34234234234234,-0.32671300163108935,99.0,1
42.44244244244244,-0.17423016836706728,72.0,0
42.54254254254254,0.15738867904863485,72.0,0
42.64264264264264,0.47529629572485876,72.0,0
42.74274274274275,0.4738662466309109,72.0,0
42.84284284284285,0.15881060419684206,93.0,1
42.94294294294295,-0.11734746015644407,72.0,0
43.04304304304305,-0.3655827546892965,72.0,0
43.14314314314315,-0.5336866861909279,72.0,0
43.24324324324325,-0.17557458207346352,72.0,0
43.34334334334335,0.05845318847259489,72.0,0
43.44344344344345,0.3744755802193915,72.0,0
43.54354354354355,0.4439521602265801,72.0,0
43.64364364364365,0.4939480892170971,98.0,1
43.74374374374375,-0.028076798095046585,72.0,0
43.84384384384385,0.3949985757332188,96.0,1
43.94394394394395,-0.4688601659480892,72.0,0
44.04404404404405,-0.42033942292898246,72.0,0
44.14414414414415,-0.03947939039228814,89.0,1
44.24424424424425,-0.013815006177951129,80.0,1
44.34434434434435,0.45646290635283293,72.0,0
44.44444444444445,0.4916780703025357,99.0,1
44.54454454454455,0.11508186288527275,72.0,0
44.64464464464465,0.17371957598434462,88.0,1
44.74474474474475,0.3843226953958799,81.0,1
44.84484484484485,-0.3730756937305059,72.0,0
44.94494494494495,-0.2772581880107848,72.0,0
45.04504504504505,0.05791324752711238,84.0,1
45.14514514514515,-0.31880186229092056,86.0,1
45.24524524524525,0.42908992322613704,88.0,1
45.34534534534535,0.279473526416357,72.0,0
45.44544544544545,-0.03593157527519067,72.0,0
45.54554554554555,-0.40505306463647367,72.0,0
45.64564564564565,-0.489937944947379,72.0,0
45.74574574574575,-0.2622584688578788,72.0,0
45.84584584584585,0.06461860581344618,72.0,0
45.94594594594595,0.3834687257091588,72.0,0
46.04604604604605,0.5103997075769497,72.0,0
46.14614614614615,0.3731661665898819,72.0,0
46.24624624624625,-0.027351457605752832,72.0,0
46.34634634634635,-0.2620879973306569,72.0,0
46.44644644644645,-0.5046713835706753,72.0,0
46.54654654654655,-0.3712392376318577,72.0,0
46.64664664664665,-0.043887940927339594,72.0,0
46.74674674674675,-0.37047648466434263,92.0,1
46.84684684684685,0.44799936132476365,90.0,1
46.94694694694695,0.12405343999327809,87.0,1
47.04704704704705,0.09045108970691378,72.0,0
47.14714714714715,-0.1775167602233956,72.0,0
47.24724724724725,-0.5302709335901581,95.0,1
47.34734734734735,-0.033500176406497176,83.0,1
47.44744744744745,-0.20190040904688755,72.0,0
47.54754754754755,0.17066042799642084,72.0,0
47.64764764764765,0.4714626316767337,72.0,0
47.74774774774775,0.45030011429434835,72.0,0
47.84784784784785,0.19983246801000004,72.0,0
47.94794794794795,-0.12049663196714085,72.0,0
48.04804804804805,0.0925615148392022,93.0,1
48.14814814814815,-0.19621375219176004,97.0,1
48.24824824824825,-0.3448284878039001,72.0,0
48.34834834834835,0.031961104973052434,72.0,0
48.44844844844845,0.409580539100824,72.0,0
48.54854854854855,0.5898183175400883,72.0,0
48.64864864864865,0.28575093727654954,72.0,0
48.74874874874875,0.047286382222449116,72.0,0
48.84884884884885,-0.31949608563607024,72.0,0
48.94894894894895,-0.107988806132745,98.0,1
49.04904904904905,-0.2489084676897662,99.0,1
49.14914914914915,-0.05485042958263497,72.0,0
49.24924924924925,0.3792876887619079,72.0,0
49.34934934934935,0.5656389148868027,72.0,0
49.44944944944945,0.45214728952838357,72.0,0
49.54954954954955,0.17867683083539296,95.0,1
49.64964964964965,-0.20148287158392228,84.0,1
49.74974974974975,-0.41785901857692864,72.0,0
49.84984984984985,-0.5677192391387,72.0,0
49.94994994994995,-0.45200882037799117,91.0,1
50.050050050050054,0.23655859633509113,72.0,0
50.150150150150154,0.5811414677758334,90.0,1
50.250250250250254,0.39664381620249317,72.0,0
50.350350350350354,0.2640738298651145,72.0,0
50.450450450450454,-0.09275996597647679,72.0,0
50.550550550550554,0.038546337339079036,89.0,1
50.650650650650654,-0.4611021720331222,72.0,0
50.750750750750754,-0.28310084271718483,72.0,0
50.850850850850854,0.018384140898386414,72.0,0
50.950950950950954,-0.3915221954803314,94.0,1
51.051051051051054,-0.19076584436406524,83.0,1
51.151151151151154,0.08917878726045164,85.0,1
51.251251251251254,-0.04195388639863248,72.0,0
51.351351351351354,-0.32753531849225653,72.0,0
51.451451451451454,-0.44241454094813293,72.0,0
51.551551551551555,0.3720780361465061,97.0,1
51.651651651651655,-0.04271410538887612,72.0,0
51.751751751751755,-0.0005458045716548142,91.0,1
51.851851851851855,0.5709954728293308,72.0,0
51.951951951951955,0.41529289067490305,72.0,0
52.052052052052055,0.11989053722405271,72.0,0
52.152152152152155,0.09103852589051578,84.0,1
52.252252252252255,-0.6381458508184079,72.0,0
52.352352352352355,-0.4529688075143686,72.0,0
52.452452452452455,-0.46158719420288996,97.0,1
52.552552552552555,0.20946615171634964,72.0,0
52.652652652652655,0.46798002993036447,72.0,0
52.752752752752755,0.3772002165252953,72.0,0
52.852852852852855,0.15821967388409072,72.0,0
52.952952952952955,-0.276679508317916,86.0,1
53.053053053053056,-0.5079776832370085,97.0,1
53.153153153153156,-0.5257041505426987,72.0,0
53.253253253253256,-0.34031796544320847,72.0,0
53.353353353353356,-0.47065235836169844,93.0,1
53.453453453453456,-0.3917492070433186,84.0,1
53.553553553553556,0.4676025251756286,72.0,0
53.653653653653656,0.4174719930990027,92.0,1
53.753753753753756,0.03208329831322712,72.0,0
53.853853853853856,-0.30802103849454276,72.0,0
53.953953953953956,-0.5299118475109964,72.0,0
54.054054054054056,-0.40724208158448333,72.0,0
54.154154154154156,-0.005766307538314849,72.0,0
54.254254254254256,0.2508150884668675,72.0,0
54.354354354354356,-0.1508717489208747,89.0,1
54.454454454454456,0.3977811819138292,72.0,0
54.55455455455456,-0.5509581915513345,91.0,1
54.65465465465466,-0.30902606041799063,72.0,0
54.75475475475476,-0.5147983857001907,72.0,0
54.85485485485486,-0.0055307931278652245,88.0,1
54.95495495495496,-0.22853152846603242,72.0,0
55.05505505505506,0.18190256845489236,72.0,0
55.15515515515516,0.4554703827554932,72.0,0
55.25525525525526,0.45833503857988334,72.0,0
55.35535535535536,0.21937789486263107,72.0,0
55.45545545545546,-0.13131902867723136,72.0,0
55.55555555555556,-0.44659316904186236,72.0,0
55.65565565565566,0.18049683916754733,82.0,1
55.75575575575576,0.26126896914287606,93.0,1
55.85585585585586,0.20500438517798986,81.0,1
55.95595595595596,0.16094042676729053,99.0,1
56.05605605605606,0.5284263963058199,72.0,0
56.15615615615616,-0.08743556502188846,86.0,1
56.25625625625626,0.3417567627205851,90.0,1
56.35635635635636,0.4311080708870858,94.0,1
56.45645645645646,-0.4665977554089814,72.0,0
56.55655655655656,-0.3503913832611804,72.0,0
56.65665665665666,0.5163439122077098,84.0,1
56.75675675675676,0.5055349804618112,89.0,1
56.85685685685686,0.48756311088344767,72.0,0
56.95695695695696,0.4455325841983293,72.0,0
57.05705705705706,0.06561578060407286,92.0,1
57.15715715715716,-0.26259206456671547,72.0,0
57.25725725725726,0.4324805700146713,85.0,1
57.35735735735736,-0.4476564387610368,72.0,0
57.45745745745746,-0.1125738747814411,72.0,0
57.55755755755756,0.07672676750134172,99.0,1
57.65765765765766,-0.1689724830531599,88.0,1
57.75775775775776,0.42552150915500575,72.0,0
57.85785785785786,0.15285517888189298,72.0,0
57.95795795795796,-0.2099716023101505,72.0,0
58.05805805805806,0.3440720732873785,82.0,1
58.15815815815816,-0.1386144927112856,80.0,1
58.25825825825826,-0.18755800046624854,72.0,0
58.35835835835836,0.11190127342326907,72.0,0
58.45845845845846,0.3505721601963693,72.0,0
58.55855855855856,0.4759851890668671,72.0,0
58.65865865865866,-0.2659916832342265,91.0,1
58.75875875875876,-0.0004136154655851598,72.0,0
58.85885885885886,-0.39320870619695236,72.0,0
58.95895895895896,-0.20776242760075783,82.0,1
59.05905905905906,-0.36838444144180127,72.0,0
59.15915915915916,-0.029291260542786482,72.0,0
59.25925925925926,0.2863049418036919,72.0,0
59.35935935935936,0.4758743231163527,72.0,0
59.45945945945946,0.42866010384822795,72.0,0
59.55955955955956,0.08086550685530834,72.0,0
59.65965965965966,-0.27171615919985653,72.0,0
59.75975975975976,-0.49234471115211986,72.0,0
59.85985985985987,-0.5750786660198814,98.0,1
59.95995995995997,-0.16602318815307995,89.0,1
60.06006006006007,0.22805849108202564,97.0,1
60.16016016016017,0.4995748880119193,72.0,0
60.26026026026027,0.41244778880692334,72.0,0
60.36036036036037,0.2561248592143901,72.0,0
60.46046046046047,-0.09462219298896771,72.0,0
60.56056056056057,-0.3354053965962203,95.0,1
60.66066066066067,-0.023650261357732127,88.0,1
60.76076076076077,-0.32098551523720875,72.0,0
60.86086086086087,0.08073147578650161,72.0,0
60.96096096096097,0.41814346619165177,72.0,0
61.06106106106107,-0.36112482407580127,97.0,1
61.16116116116117,0.31277750290199724,72.0,0
61.26126126126127,-0.011437472068634276,72.0,0
61.36136136136137,-0.3972421276274698,72.0,0
61.46146146146147,0.36977183523576374,89.0,1
61.56156156156157,0.21658405665794278,80.0,1
61.66166166166167,0.6131249871009119,84.0,1
61.76176176176177,0.2828110336805336,72.0,0
61.86186186186187,0.5228955386322859,72.0,0
61.96196196196197,0.3765835279229191,72.0,0
62.06206206206207,0.060505115075842206,72.0,0
62.16216216216217,-0.014622509531840714,97.0,1
62.26226226226227,-0.0523446536945798,95.0,1
62.36236236236237,-0.45988488953799656,72.0,0
62.46246246246247,-0.21096165313225126,72.0,0
62.56256256256257,0.2330384466638634,72.0,0
62.66266266266267,0.5105094143749601,72.0,0
62.76276276276277,0.5356292308651163,72.0,0
62.86286286286287,0.1776946484995745,72.0,0
62.96296296296297,-0.22471475106615912,92.0,1
63.06306306306307,0.5878606675371052,83.0,1
63.16316316316317,-0.559410561210728,72.0,0
63.26326326326327,-0.3445802475686199,72.0,0
63.36336336336337,0.2041818706322766,92.0,1
63.46346346346347,0.3738901934675793,72.0,0
63.56356356356357,0.49268018006423125,72.0,0
63.66366366366367,-0.21781008404854368,91.0,1
63.76376376376377,-0.4945687045011179,93.0,1
63.86386386386387,-0.4799620823252172,72.0,0
63.96396396396397,-0.4722871728677363,72.0,0
64.06406406406407,-0.3607518346236455,72.0,0
64.16416416416416,0.031320941983789666,72.0,0
64.26426426426427,0.2473525948585673,72.0,0
64.36436436436436,0.46017681854548426,72.0,0
64.46446446446447,0.3951805416969511,72.0,0
64.56456456456456,0.08524351620574341,72.0,0
64.66466466466467,-0.26614953216602966,72.0,0
64.76476476476476,-0.5433877528133653,72.0,0
64.86486486486487,-0.4868822278576954,72.0,0
64.96496496496496,-0.13218602032125862,84.0,1
65.06506506506507,-0.13016729159272356,89.0,1
65.16516516516516,-0.0009696576040787025,81.0,1
65.26526526526527,0.46923098233003324,72.0,0
65.36536536536536,0.47685636819198773,82.0,1
65.46546546546547,-0.14892513510585936,72.0,0
65.56556556556556,-0.34784941799714414,72.0,0
65.66566566566567,-0.3581534710532233,92.0,1
65.76576576576576,0.43032259165129316,96.0,1
65.86586586586587,0.3787203837581677,83.0,1
65.96596596596596,-0.5333813251458469,97.0,1
66.06606606606607,-0.34435380366559576,85.0,1
66.16616616616616,0.26822708784715327,72.0,0
66.26626626626627,-0.1224041995835412,72.0,0
66.36636636636636,-0.39578934810211797,72.0,0
66.46646646646647,-0.5520422615298508,72.0,0
66.56656656656656,-0.610238196785384,80.0,1
66.66666666666667,-0.041366825160811665,72.0,0
66.76676676676676,0.33734931268152546,72.0,0
66.86686686686687,-0.42568464312525534,94.0,1
66.96696696696696,0.36675059298040874,72.0,0
67.06706706706707,-0.2475342201071486,90.0,1
67.16716716716716,-0.31262681106785567,72.0,0
67.26726726726727,0.4056595583067354,94.0,1
67.36736736736736,-0.16743541113093857,81.0,1
67.46746746746747,-0.0689551623985879,72.0,0
67.56756756756756,-0.5733031707799655,93.0,1
67.66766766766767,0.5020677525544717,72.0,0
67.76776776776777,0.4071318342628985,72.0,0
67.86786786786787,0.0895077008682994,72.0,0
67.96796796796797,-0.21821091614090948,72.0,0
68.06806806806807,-0.396065581036925,72.0,0
68.16816816816817,-0.3511842637489315,94.0,1
68.26826826826827,-0.19389270090450952,72.0,0
68.36836836836838,0.11178821374978909,72.0,0
68.46846846846847,0.38586535115630305,72.0,0
68.56856856856858,-0.29709139839380166,81.0,1
68.66866866866867,0.39794139134355216,91.0,1
68.76876876876878,-0.08325170055542588,72.0,0
68.86886886886887,-0.3699946038152749,72.0,0
68.96896896896898,-0.5651604921032786,72.0,0
69.06906906906907,-0.45669231922771625,72.0,0
69.16916916916918,-0.546748751088824,90.0,1
69.26926926926927,0.328645212611647,72.0,0
69.36936936936938,0.5430087783488504,72.0,0
69.46946946946947,0.013183189507360082,89.0,1
69.56956956956958,0.09833992716501355,72.0,0
69.66966966966967,-0.29247722880704485,72.0,0
69.76976976976978,0.09975922013937484,80.0,1
69.86986986986987,-0.34908884013956465,72.0,0
69.96996996996998,-0.08655426050135094,72.0,0
70.07007007007007,0.33210330199353055,72.0,0
70.17017017017018,0.5466154974332531,72.0,0
70.27027027027027,0.4164602694537893,72.0,0
70.37037037037038,0.18785186230178277,93.0,1
70.47047047047047,0.461354023228679,93.0,1
70.57057057057058,-0.6319537319186512,95.0,1
70.67067067067067,-0.5003194141067935,72.0,0
70.77077077077078,-0.2360607509042541,72.0,0
70.87087087087087,0.5381746572161958,90.0,1
70.97097097097098,0.0032988450309628294,93.0,1
71.07107107107107,0.4177698027250302,72.0,0
71.17117117117118,0.23267331264587018,72.0,0
71.27127127127127,-0.072050361072244,72.0,0
71.37137137137138,-0.3991690311451825,72.0,0
71.47147147147147,0.5676089841476655,95.0,1
71.57157157157158,0.47066469217108325,84.0,1
71.67167167167167,0.0849002613226335,72.0,0
71.77177177177178,0.31957499312993415,72.0,0
71.87187187187187,0.5307751390160081,72.0,0
71.97197197197198,0.24700441156782232,87.0,1
72.07207207207207,0.025095002751308236,72.0,0
72.17217217217218,-0.28943876390248235,72.0,0
72.27227227227228,-0.5586568568996632,72.0,0
72.37237237237238,-0.38454069480986697,72.0,0
72.47247247247248,-0.0210363778416031,72.0,0
72.57257257257258,-0.6190195459593916,94.0,1
72.67267267267268,0.46076844100862524,72.0,0
72.77277277277278,0.39391770061153325,72.0,0
72.87287287287288,-0.5134821958465213,97.0,1
72.97297297297298,-0.2473960788336645,72.0,0
73.07307307307308,-0.485009908569623,72.0,0
73.17317317317318,-0.4617183404364052,72.0,0
73.27327327327328,-0.27532514405694014,72.0,0
73.37337337337338,-0.10357338140501511,92.0,1
73.47347347347348,0.5013676340357611,72.0,0
73.57357357357358,0.4205696792823356,85.0,1
73.67367367367368,-0.13203521189640774,99.0,1
73.77377377377378,-0.10927039670070343,72.0,0
73.87387387387388,-0.39155989565531824,72.0,0
73.97397397397398,-0.49800930731008974,98.0,1
74.07407407407408,-0.35262147348818634,72.0,0
74.17417417417418,0.0148593017410816,72.0,0
74.27427427427428,0.2290898989468943,97.0,1
74.37437437437438,0.43929174066366555,72.0,0
74.47447447447448,0.2520430659593711,93.0,1
74.57457457457458,0.3711137730360898,87.0,1
74.67467467467468,0.07883405591159696,88.0,1
74.77477477477478,-0.5154369774875117,72.0,0
74.87487487487488,0.5197898532651752,90.0,1
74.97497497497498,-0.10885029904462627,72.0,0
75.07507507507508,0.2693323881751605,72.0,0
75.17517517517518,0.12569837419241547,81.0,1
75.27527527527528,0.4847858313407933,72.0,0
75.37537537537538,0.16090965380293548,72.0,0
75.47547547547548,-0.20472075416698648,72.0,0
75.57557557557558,-0.5066624586866422,72.0,0
75.67567567567568,-0.41278649503496906,72.0,0
75.77577577577578,-0.14145293669816456,72.0,0
75.87587587587588,0.22966740387015538,72.0,0
75.97597597597598,0.46096862659489,72.0,0
76.07607607607608,0.594000221537526,72.0,0
76.17617617617618,0.5522155363986754,94.0,1
76.27627627627628,0.1486960929013961,96.0,1
76.37637637637638,-0.467414995641549,72.0,0
76.47647647647648,-0.48171068380122173,72.0,0
76.57657657657658,0.05618009561982276,92.0,1
76.67667667667668,-0.5218274194673614,89.0,1
76.77677677677679,0.32201573654317034,72.0,0
76.87687687687688,-0.5553276648740584,88.0,1
76.97697697697699,0.37176539719026064,72.0,0
77.07707707707708,-0.0224019381869546,72.0,0
77.17717717717719,-0.30084755318763223,72.0,0
77.27727727727728,-0.5777403393269978,72.0,0
77.37737737737739,-0.46744871400301585,72.0,0
77.47747747747748,-0.11543847487505934,72.0,0
77.57757757757759,0.27820271942099134,72.0,0
77.67767767767768,0.30920653212887583,92.0,1
77.77777777777779,0.4480280961859,72.0,0
77.87787787787788,0.23074904944899285,72.0,0
77.97797797797799,-0.21272673132687878,92.0,1
78.07807807807808,-0.474511898416012,72.0,0
78.17817817817819,-0.40288684669189684,72.0,0
78.27827827827828,-0.20435897072692116,72.0,0
78.37837837837839,0.13374708977867514,72.0,0
78.47847847847848,-0.1940770556602769,83.0,1
78.57857857857859,-0.37881447845751276,86.0,1
78.67867867867868,0.2569711417904143,72.0,0
78.77877877877879,-0.006282505172037892,72.0,0
78.87887887887888,0.6356476847215846,93.0,1
78.97897897897899,-0.46532752182151393,72.0,0
79.07907907907908,0.6148616877785371,89.0,1
79.17917917917919,0.009273988474746218,72.0,0
79.27927927927928,0.3226352265521608,72.0,0
79.37937937937939,0.4227355292582857,72.0,0
79.47947947947948,0.36667974060385056,72.0,0
79.57957957957959,-0.005916234788561169,72.0,0
79.67967967967968,-0.3672518347799374,94.0,1
79.77977977977979,-0.45923583732070267,72.0,0
79.87987987987988,-0.37983782333382693,72.0,0
79.97997997997999,-0.07336092478183502,72.0,0
80.08008008008008,0.24424617282041763,72.0,0
80.18018018018019,0.575441174849028,72.0,0
80.28028028028028,0.441312403287966,72.0,0
80.38038038038039,0.050963327489513224,72.0,0
80.48048048048048,-0.3049469925062119,72.0,0
80.58058058058059,-0.467311148391408,72.0,0
80.68068068068068,-0.4918329059955101,72.0,0
80.78078078078079,-0.2038625147022438,72.0,0
80.88088088088088,0.2827746865219213,72.0,0
80.98098098098099,0.26035365234985475,72.0,0
81.08108108108108,0.49795292511007755,72.0,0
81.18118118118119,0.23960144724398125,72.0,0
81.28128128128128,-0.18046925498052765,72.0,0
81.38138138138139,0.4522878970382782,99.0,1
81.48148148148148,0.025642238998738368,95.0,1
81.58158158158159,-0.34232061093275784,72.0,0
81.68168168168168,0.0854891111231906,72.0,0
81.78178178178179,0.3827801718420848,89.0,1
81.88188188188188,0.5712371927858846,72.0,0
81.98198198198199,0.2842519894805874,83.0,1
82.08208208208208,0.11681171053814593,87.0,1
82.18218218218219,-0.3966937513906308,72.0,0
82.28228228228228,-0.4837454798956558,72.0,0
82.38238238238239,-0.3920118361473434,72.0,0
82.48248248248248,-0.10587539408835936,72.0,0
82.58258258258259,0.3244168642382362,72.0,0
82.68268268268268,0.1571080705551805,83.0,1
82.78278278278279,-0.6327517347107773,94.0,1
82.88288288288288,-0.15062273279565747,97.0,1
82.98298298298299,0.1589130682186546,89.0,1
83.08308308308308,-0.4545333435630942,98.0,1
83.18318318318319,-0.5338051303379362,72.0,0
83.28328328328328,-0.21905916143907095,72.0,0
83.38338338338339,0.19489812269183068,72.0,0
83.48348348348348,0.4893629697979599,72.0,0
83.58358358358359,-0.40669470989190315,81.0,1
83.68368368368368,0.22408269916644968,72.0,0
83.78378378378379,-0.18347873470392195,72.0,0
83.88388388388388,-0.32414324899150804,72.0,0
83.98398398398399,-0.4670626451463152,72.0,0
84.08408408408408,-0.20032331970348582,82.0,1
84.18418418418419,-0.10206853095422092,72.0,0
84.28428428428428,0.4596998882138208,87.0,1
84.38438438438439,-0.397703229582808,95.0,1
84.48448448448448,0.2713161313368936,72.0,0
84.58458458458459,0.3036485810945932,93.0,1
84.68468468468468,-0.27760434088740554,72.0,0
84.78478478478479,-0.5164685517875383,72.0,0
84.88488488488488,-0.33559819194727253,72.0,0
84.98498498498499,-0.0028535257113057252,72.0,0
85.08508508508508,0.33146344295241925,72.0,0
85.18518518518519,0.457557432867755,72.0,0
85.28528528528528,0.3984822516531618,72.0,0
85.38538538538539,-0.4162948778790116,87.0,1
85.4854854854855,-0.2774413626050519,72.0,0
85.58558558558559,-0.4231141409944954,72.0,0
85.6856856856857,-0.5090263201697621,72.0,0
85.78578578578579,-0.11010895078073511,72.0,0
85.8858858858859,0.21100334506604615,72.0,0
85.98598598598599,0.45543662682028346,72.0,0
86.0860860860861,0.5355960388891999,72.0,0
86.18618618618619,0.5472640432375598,90.0,1
86.2862862862863,-0.19984422706109012,72.0,0
86.38638638638639,-0.37468434378374893,72.0,0
86.4864864864865,-0.5568051455253269,72.0,0
86.58658658658659,-0.24524310003022595,72.0,0
86.6866866866867,0.12850958939584148,72.0,0
86.78678678678679,0.2944648801198406,72.0,0
86.8868868868869,0.4448163922884304,72.0,0
86.98698698698699,0.24313447152375778,72.0,0
87.0870870870871,-0.133921607956606,72.0,0
87.18718718718719,-0.6937762718275199,92.0,1
87.2872872872873,-0.5080239495012498,72.0,0
87.38738738738739,-0.38317778778519584,83.0,1
87.4874874874875,-0.11789605526417918,72.0,0
87.58758758758759,0.3146393765611017,72.0,0
87.6876876876877,-0.44898892277313124,97.0,1
87.78778778778779,0.42829956842369327,72.0,0
87.8878878878879,0.15036160427648027,72.0,0
87.98798798798799,-0.39027049252513046,85.0,1
88.0880880880881,-0.47199376911896285,89.0,1
88.18818818818819,-0.41554257004786793,72.0,0
88.2882882882883,-0.26507535805235205,72.0,0
88.38838838838839,0.21905608439244525,72.0,0
88.4884884884885,0.5245733577233201,72.0,0
88.58858858858859,0.5113576874029546,72.0,0
88.6886886886887,0.2262956734191895,72.0,0
88.78878878878879,-0.17878884099621586,72.0,0
88.8888888888889,-0.4097460374635209,72.0,0
88.988988988989,0.05962889532988763,85.0,1
89.0890890890891,-0.2661236237743948,72.0,0
89.1891891891892,-0.3511513732404218,82.0,1
89.2892892892893,0.421871610238716,72.0,0
89.3893893893894,0.5169309635984265,72.0,0
89.4894894894895,0.37272082715076044,94.0,1
89.5895895895896,-0.06420780681334583,72.0,0
89.6896896896897,-0.3631921312336745,72.0,0
89.7897897897898,-0.6085761570934023,72.0,0
89.8898898898899,-0.3742213944430269,72.0,0
89.98998998999,-0.08017272778329249,72.0,0
90.0900900900901,0.4402161362480148,94.0,1
90.1901901901902,0.5584581529298005,72.0,0
90.2902902902903,0.41867769708350383,72.0,0
90.3903903903904,0.04754151957932498,72.0,0
90.4904904904905,0.49221924500296366,95.0,1
90.5905905905906,0.010661158016494615,96.0,1
90.6906906906907,-0.4802472813332061,72.0,0
90.7907907907908,-0.4086550154469858,91.0,1
90.8908908908909,0.25508101100990066,72.0,0
90.990990990991,0.47163840327465223,72.0,0
91.0910910910911,0.5192255034647958,72.0,0
91.1911911911912,0.2573052919248625,72.0,0
91.2912912912913,-0.09590680448526756,72.0,0
91.3913913913914,-0.44225463914760665,72.0,0
91.4914914914915,-0.552069999886733,72.0,0
91.5915915915916,-0.2188608930117572,72.0,0
91.6916916916917,0.05080656443038793,72.0,0
91.7917917917918,0.47331080780558976,72.0,0
91.8918918918919,0.4400827864353465,72.0,0
91.991991991992,0.18739355913089334,72.0,0
92.0920920920921,0.18564836760637382,88.0,1
92.1921921921922,-0.36438304231158264,72.0,0
92.2922922922923,-0.504691553390626,72.0,0
92.3923923923924,-0.34098753289214384,72.0,0
92.4924924924925,-0.03846698427450039,72.0,0
92.5925925925926,0.24428803736338517,72.0,0
92.6926926926927,0.4944279728638834,94.0,1
92.7927927927928,0.4131380763136478,72.0,0
92.8928928928929,0.0932218071807062,72.0,0
92.992992992993,-0.2933631804685346,72.0,0
93.0930930930931,-0.49217654046506276,90.0,1
93.1931931931932,-0.4004602387863939,72.0,0
93.2932932932933,-0.14610536668166746,72.0,0
93.3933933933934,0.19554195687512177,72.0,0
93.4934934934935,-0.17375885686757261,84.0,1
93.5935935935936,0.45105214936769417,72.0,0
93.6936936936937,-0.404961989586883,87.0,1
93.7937937937938,-0.21221307059976235,72.0,0
93.8938938938939,-0.1624148326704671,93.0,1
93.993993993994,-0.5742417775511879,72.0,0
94.0940940940941,0.4655101663189084,94.0,1
94.1941941941942,0.26761587701743333,86.0,1
94.2942942942943,0.3323306713306703,72.0,0
94.3943943943944,0.16788375097091074,91.0,1
94.4944944944945,0.29613970701654385,72.0,0
94.5945945945946,0.03233808318757204,72.0,0
94.6946946946947,-0.4013563000823606,72.0,0
94.7947947947948,-0.5083566588344579,72.0,0
94.8948948948949,-0.4027839836866154,72.0,0
94.994994994995,-0.06416558917784951,72.0,0
95.0950950950951,-0.2936895029557868,80.0,1
95.1951951951952,0.210517077736667,87.0,1
95.2952952952953,0.32537881682118164,72.0,0
95.3953953953954,0.07905988339816251,72.0,0
95.4954954954955,-0.1896662093498677,72.0,0
95.5955955955956,0.12231034643676714,86.0,1
95.6956956956957,0.21833133263632037,96.0,1
95.7957957957958,-0.23043069317299927,72.0,0
95.8958958958959,0.0027154970530033073,82.0,1
95.995995995996,-0.5178593265106992,83.0,1
96.0960960960961,-0.16973629253411093,94.0,1
96.1961961961962,-0.31369891645125353,86.0,1
96.2962962962963,-0.16408973208841818,72.0,0
96.3963963963964,-0.3525139296995677,72.0,0
96.4964964964965,-0.4461537830225795,72.0,0
96.5965965965966,-0.20176695947407314,72.0,0
96.6966966966967,0.35265618425479606,82.0,1
96.7967967967968,0.3369982670075634,72.0,0
96.8968968968969,0.5282658352350512,72.0,0
96.996996996997,0.3052262183687489,72.0,0
97.0970970970971,-0.05159579225653276,72.0,0
97.1971971971972,-0.42433732735051277,72.0,0
97.2972972972973,-0.4451555687033976,72.0,0
97.3973973973974,-0.324257260286834,72.0,0
97.4974974974975,-0.055290999133690066,72.0,0
97.5975975975976,0.3617643602734101,72.0,0
97.6976976976977,0.4534076779246234,72.0,0
97.7977977977978,-0.5258457351670104,98.0,1
97.8978978978979,0.05170312372683468,72.0,0
97.997997997998,-0.23000726168355995,72.0,0
98.0980980980981,-0.5535732793959786,72.0,0
98.1981981981982,-0.11191411944757688,81.0,1
98.2982982982983,-0.19648263024778603,72.0,0
98.3983983983984,-0.39796834888044647,87.0,1
98.4984984984985,0.4341168863237534,72.0,0
98.5985985985986,0.04446012421117597,84.0,1
98.6986986986987,-0.5789579231457359,91.0,1
98.7987987987988,-0.1834734937869182,72.0,0
98.8988988988989,0.27097971854535463,84.0,1
98.998998998999,0.27535764708544297,99.0,1
99.0990990990991,-0.20805148311271954,72.0,0
99.1991991991992,-0.3426466636638062,82.0,1
99.2992992992993,0.35155176376933006,81.0,1
99.3993993993994,0.4412395186564638,72.0,0
99.4994994994995,0.3090153730126738,72.0,0
99.5995995995996,-0.06941123514622134,72.0,0
99.6996996996997,-0.4111097717410231,72.0,0
99.7997997997998,0.24291694281365023,94.0,1
99.8998998998999,-0.3297661759513987,72.0,0
100.0,-0.02877043646483152,72.0,0
